,ID,Department,Office,Rating,Training
0,U2F26,Finance,New Delhi,3.4,yes
1,U2M61,Marketing,New Delhi,3.9,no
2,U1S15,Sales,New Delhi,2.8,yes
3,U1H87,HR,Mumbai,2.1,yes
4,U1S51,Sales,New Delhi,4.6,no
5,U1H78,HR,New Delhi,3.8,no
6,U3M65,Marketing,New Delhi,5.0,no
7,U3M44,Marketing,Bangalore,2.1,yes
8,U3S75,Sales,Bangalore,4.3,no
9,U2H84,HR,Bangalore,4.3,no
10,U2S84,Sales,Mumbai,3.6,no
11,U1S50,Sales,Mumbai,4.7,no
12,U2F25,Finance,New Delhi,4.4,no
13,U1S75,Sales,Bangalore,3.0,yes
14,U1H39,HR,New Delhi,4.2,no
15,U2F53,Finance,Bangalore,2.7,yes
16,U1F53,Finance,Bangalore,3.7,no
17,U2S99,Sales,New Delhi,3.6,no
18,U3F41,Finance,New Delhi,4.9,no
19,U1F28,Finance,Bangalore,3.2,yes
20,U2F43,Finance,Mumbai,3.8,no
21,U2H45,HR,New Delhi,3.7,no
22,U2H48,HR,Bangalore,2.8,yes
23,U2S27,Sales,New Delhi,,no
24,U3S93,Sales,Bangalore,3.6,no
25,U1F15,Finance,Bangalore,3.3,yes
26,U1M67,Marketing,Bangalore,2.7,yes
27,U3H94,HR,New Delhi,2.5,yes
28,U3M49,Marketing,New Delhi,2.1,yes
29,U2S69,Sales,Mumbai,4.7,no
30,U3M39,Marketing,Mumbai,,no
31,U1F14,Finance,Bangalore,2.9,yes
32,U3F29,Finance,Mumbai,3.7,no
33,U2S18,Sales,Bangalore,3.2,yes
34,U1F59,Finance,Mumbai,4.1,no
35,U3F66,Finance,Bangalore,4.7,no
36,U3H88,HR,Bangalore,2.7,yes
37,U1M15,Marketing,Bangalore,4.9,no
38,U3F52,Finance,Bangalore,2.4,yes
39,U1S77,Sales,Bangalore,3.1,yes
40,U3S74,Sales,Mumbai,4.8,no
41,U1M45,Marketing,Bangalore,4.7,no
42,U1S42,Sales,Mumbai,2.5,yes
43,U2S40,Sales,Bangalore,4.6,no
44,U3F39,Finance,Bangalore,4.1,no
45,U1M82,Marketing,New Delhi,3.3,yes
46,U2H65,HR,New Delhi,3.6,no
47,U3H92,HR,New Delhi,4.4,no
48,U1H42,HR,Mumbai,4.8,no
49,U1S23,Sales,New Delhi,3.3,yes
50,U3S24,Sales,New Delhi,4.4,no
51,U1H73,HR,Bangalore,4.2,no
52,U1M58,Marketing,Bangalore,4.0,no
53,U2F89,Finance,New Delhi,4.4,no
54,U3F77,Finance,Bangalore,2.6,yes
55,U1H93,HR,Mumbai,3.1,yes
56,U1M79,Marketing,Bangalore,3.2,yes
57,U3H69,HR,Bangalore,3.7,no
58,U2S80,Sales,Bangalore,3.0,yes
59,U2S89,Sales,Bangalore,4.4,no
60,U2F14,Finance,Bangalore,2.1,yes
61,U2F36,Finance,Bangalore,3.8,no
62,U1H97,HR,Bangalore,3.7,no
63,U3H31,HR,Bangalore,3.3,yes
64,U3H57,HR,Bangalore,4.4,no
65,U1M70,Marketing,Bangalore,2.6,yes
66,U3H77,HR,Bangalore,3.1,yes
67,U2H22,HR,Bangalore,4.8,no
68,U3M80,Marketing,Mumbai,3.5,yes
69,U2H88,HR,Mumbai,3.7,no
70,U3M67,Marketing,Mumbai,3.5,yes
71,U3M79,Marketing,New Delhi,2.8,yes
72,U3F87,Finance,New Delhi,3.4,yes
73,U3F43,Finance,Mumbai,2.9,yes
74,U1H81,HR,Bangalore,4.6,no
75,U2M41,Marketing,Bangalore,4.4,no
76,U2H71,HR,New Delhi,4.9,no
77,U1S60,Sales,Bangalore,5.0,no
78,U2H60,HR,Bangalore,5.0,no
79,U3H76,HR,Mumbai,3.1,yes
80,U1H56,HR,Bangalore,2.6,yes
81,U3H71,HR,Bangalore,3.1,yes
82,U3M99,Marketing,Mumbai,3.8,no
83,U1S38,Sales,Mumbai,4.7,no
84,U1M89,Marketing,Mumbai,2.1,yes
85,U2H30,HR,Bangalore,4.2,no
86,U3S27,Sales,Bangalore,2.9,yes
87,U1F99,Finance,Mumbai,4.4,no
88,U1F56,Finance,Mumbai,4.8,no
89,U2H91,HR,Bangalore,3.0,yes
90,U2F58,Finance,Mumbai,3.3,yes
91,U2H15,HR,Mumbai,4.8,no
92,U3F50,Finance,Mumbai,,no
93,U3S43,Sales,New Delhi,2.4,yes
94,U3M23,Marketing,Mumbai,2.5,yes
95,U1H12,HR,Bangalore,4.6,no
96,U1M52,Marketing,New Delhi,2.2,yes
97,U3M92,Marketing,New Delhi,2.2,yes
98,U1H49,HR,Mumbai,2.2,yes
99,U3M84,Marketing,Bangalore,3.2,yes
100,U1F88,Finance,New Delhi,4.5,no
101,U1H61,HR,New Delhi,2.5,yes
102,U1M61,Marketing,Bangalore,4.1,no
103,U1F97,Finance,Bangalore,2.2,yes
104,U1H57,HR,New Delhi,4.0,no
105,U2F17,Finance,Bangalore,2.3,yes
106,U3F37,Finance,Bangalore,4.0,no
107,U2S92,Sales,New Delhi,4.6,no
108,U1M25,Marketing,Mumbai,2.7,yes
109,U2F63,Finance,New Delhi,3.9,no
110,U3H61,HR,Mumbai,3.2,yes
111,U1M53,Marketing,Bangalore,3.2,yes
112,U3F25,Finance,Bangalore,4.6,no
113,U1H17,HR,Mumbai,5.0,no
114,U1M18,Marketing,Mumbai,4.1,no
115,U2S38,Sales,Bangalore,3.0,yes
116,U2H49,HR,New Delhi,4.0,no
117,U3H96,HR,New Delhi,4.2,no
118,U3M72,Marketing,Bangalore,4.9,no
119,U2F57,Finance,Bangalore,2.7,yes
120,U1M95,Marketing,Mumbai,2.6,yes
121,U1F45,Finance,New Delhi,4.2,no
122,U3M12,Marketing,New Delhi,4.9,no
123,U1M86,Marketing,Bangalore,2.2,yes
124,U2S23,Sales,Bangalore,2.9,yes
125,U3F63,Finance,New Delhi,4.4,no
126,U2H68,HR,New Delhi,4.9,no
127,U2S10,Sales,Mumbai,3.3,yes
128,U1H43,HR,Bangalore,4.4,no
129,U1M97,Marketing,New Delhi,3.9,no
130,U3M93,Marketing,Bangalore,3.5,yes
131,U3H29,HR,Bangalore,3.6,no
132,U2F66,Finance,Bangalore,2.6,yes
133,U3M24,Marketing,Bangalore,4.0,no
134,U2F94,Finance,New Delhi,2.2,yes
135,U1H59,HR,Mumbai,4.4,no
136,U2M27,Marketing,Mumbai,4.7,no
137,U3S19,Sales,Bangalore,3.2,yes
138,U3F26,Finance,Mumbai,4.2,no
139,U1S40,Sales,Bangalore,3.8,no
140,U3S23,Sales,New Delhi,3.5,yes
141,U3S69,Sales,Mumbai,2.7,yes
142,U1S69,Sales,Bangalore,2.9,yes
143,U1S93,Sales,Mumbai,2.6,yes
144,U3S54,Sales,New Delhi,3.8,no
145,U1H24,HR,Mumbai,4.8,no
146,U2H93,HR,Bangalore,3.9,no
147,U1M11,Marketing,New Delhi,2.3,yes
148,U2F20,Finance,Mumbai,2.9,yes
149,U1F19,Finance,Mumbai,4.2,no
150,U1F98,Finance,Bangalore,2.2,yes
151,U2M68,Marketing,New Delhi,3.6,no
152,U2F62,Finance,New Delhi,2.8,yes
153,U2S76,Sales,New Delhi,2.1,yes
154,U1H53,HR,Mumbai,2.1,yes
155,U2H97,HR,New Delhi,4.3,no
156,U1M27,Marketing,Bangalore,3.3,yes
157,U3S41,Sales,Mumbai,2.4,yes
158,U2F79,Finance,Mumbai,3.8,no
159,U3S97,Sales,New Delhi,4.3,no
160,U3S25,Sales,Bangalore,2.5,yes
161,U1F16,Finance,Mumbai,3.5,yes
162,U1S96,Sales,Bangalore,2.2,yes
163,U2F19,Finance,New Delhi,4.2,no
164,U2H80,HR,New Delhi,4.1,no
165,U2F55,Finance,Bangalore,4.0,no
166,U2M84,Marketing,Mumbai,3.5,yes
167,U1F34,Finance,New Delhi,3.1,yes
168,U2S32,Sales,Bangalore,2.6,yes
169,U3S52,Sales,Mumbai,4.9,no
170,U2H72,HR,Mumbai,3.3,yes
171,U1H86,HR,New Delhi,2.9,yes
172,U2H75,HR,New Delhi,3.6,no
173,U3M85,Marketing,New Delhi,4.0,no
174,U2S53,Sales,Mumbai,4.3,no
175,U2F60,Finance,Bangalore,4.6,no
176,U1H64,HR,Mumbai,3.6,no
177,U1S82,Sales,Mumbai,3.5,yes
178,U2F48,Finance,New Delhi,3.3,yes
179,U3F90,Finance,Mumbai,3.1,yes
180,U3S79,Sales,Mumbai,,no
181,U3M13,Marketing,Mumbai,4.7,no
182,U1M39,Marketing,Bangalore,3.1,yes
183,U2F95,Finance,Bangalore,3.4,yes
184,U3H10,HR,Bangalore,3.8,no
185,U2M67,Marketing,New Delhi,2.9,yes
186,U1M43,Marketing,New Delhi,3.2,yes
187,U2M72,Marketing,Bangalore,2.8,yes
188,U3F10,Finance,Bangalore,2.5,yes
189,U3H16,HR,New Delhi,4.4,no
190,U1M34,Marketing,Mumbai,3.8,no
191,U1M88,Marketing,Mumbai,4.3,no
192,U1F27,Finance,New Delhi,3.3,yes
193,U1F66,Finance,Mumbai,4.6,no
194,U1S61,Sales,Bangalore,3.1,yes
195,U3M51,Marketing,Bangalore,3.1,yes
196,U1M68,Marketing,New Delhi,2.4,yes
197,U2S85,Sales,Bangalore,3.0,yes
198,U1S76,Sales,Bangalore,3.2,yes
199,U3F17,Finance,Bangalore,3.9,no
200,U1S83,Sales,New Delhi,2.4,yes
201,U3H40,HR,New Delhi,3.9,no
202,U3H33,HR,New Delhi,2.4,yes
203,U2S44,Sales,Bangalore,4.9,no
204,U2S70,Sales,Bangalore,4.8,no
205,U3H39,HR,Bangalore,3.4,yes
206,U3M98,Marketing,New Delhi,4.9,no
207,U2H26,HR,Mumbai,4.6,no
208,U1M99,Marketing,Mumbai,2.1,yes
209,U2S63,Sales,Bangalore,4.2,no
210,U2H31,HR,Mumbai,3.2,yes
211,U1M24,Marketing,Bangalore,4.5,no
212,U1M87,Marketing,New Delhi,2.9,yes
213,U1F55,Finance,New Delhi,2.7,yes
214,U3H24,HR,Mumbai,3.8,no
215,U1S79,Sales,New Delhi,4.8,no
216,U1F41,Finance,New Delhi,3.7,no
217,U2F32,Finance,Mumbai,4.2,no
218,U2M40,Marketing,New Delhi,4.8,no
219,U3F48,Finance,Bangalore,2.1,yes
220,U3M88,Marketing,New Delhi,3.5,yes
221,U2M99,Marketing,Bangalore,3.4,yes
222,U3F51,Finance,Bangalore,5.0,no
223,U1H46,HR,Mumbai,2.3,yes
224,U3H14,HR,Bangalore,3.5,yes
225,U1H16,HR,New Delhi,2.9,yes
226,U3M10,Marketing,New Delhi,3.3,yes
227,U1H55,HR,Bangalore,3.8,no
228,U1F47,Finance,Mumbai,2.5,yes
229,U1M40,Marketing,Mumbai,3.3,yes
230,U3M57,Marketing,Mumbai,4.8,no
231,U2M18,Marketing,Bangalore,2.3,yes
232,U1F17,Finance,New Delhi,3.7,no
233,U2F64,Finance,Bangalore,4.3,no
234,U2H96,HR,New Delhi,4.0,no
235,U1F71,Finance,Mumbai,3.6,no
236,U2H89,HR,Bangalore,4.3,no
237,U2S74,Sales,Mumbai,3.4,yes
238,U2H34,HR,Bangalore,2.8,yes
239,U2S39,Sales,New Delhi,2.4,yes
240,U3H20,HR,Mumbai,4.2,no
241,U2S13,Sales,Mumbai,2.9,yes
242,U3M96,Marketing,Mumbai,3.4,yes
243,U2F52,Finance,New Delhi,2.1,yes
244,U2H23,HR,New Delhi,4.2,no
245,U3H70,HR,Bangalore,3.7,no
246,U1F83,Finance,Bangalore,3.8,no
247,U2F91,Finance,Mumbai,2.9,yes
248,U2F96,Finance,New Delhi,4.5,no
249,U1H36,HR,Mumbai,3.0,yes
250,U2F99,Finance,Bangalore,4.8,no
251,U1H27,HR,New Delhi,3.4,yes
252,U1H98,HR,Mumbai,2.5,yes
253,U2S36,Sales,Mumbai,2.4,yes
254,U2M89,Marketing,Mumbai,3.2,yes
255,U2S55,Sales,New Delhi,,no
256,U2H14,HR,New Delhi,2.3,yes
257,U3M53,Marketing,Bangalore,2.8,yes
258,U1H33,HR,Bangalore,,no
259,U3M73,Marketing,Bangalore,4.9,no
260,U2S49,Sales,New Delhi,4.0,no
261,U2S58,Sales,Mumbai,3.1,yes
262,U1H29,HR,Mumbai,2.6,yes
263,U2F31,Finance,Bangalore,3.4,yes
264,U3S65,Sales,Bangalore,3.5,yes
265,U3H52,HR,New Delhi,4.7,no
266,U2F51,Finance,New Delhi,2.5,yes
267,U2M20,Marketing,Mumbai,4.4,no
268,U2M62,Marketing,Bangalore,2.7,yes
269,U3F13,Finance,Mumbai,2.2,yes
270,U1S34,Sales,Mumbai,3.4,yes
271,U1M76,Marketing,New Delhi,2.2,yes
272,U2M95,Marketing,Mumbai,2.1,yes
273,U3F89,Finance,Mumbai,3.9,no
274,U1F65,Finance,New Delhi,4.4,no
275,U1M50,Marketing,Bangalore,3.6,no
276,U2H42,HR,Mumbai,2.7,yes
277,U1M63,Marketing,Bangalore,4.4,no
278,U1F43,Finance,New Delhi,4.0,no
279,U1H91,HR,New Delhi,2.8,yes
280,U2H92,HR,Bangalore,2.8,yes
281,U2M55,Marketing,New Delhi,4.4,no
282,U1M66,Marketing,Bangalore,4.1,no
283,U2M50,Marketing,Bangalore,3.4,yes
284,U1H58,HR,New Delhi,,no
285,U2S95,Sales,New Delhi,3.2,yes
286,U1F18,Finance,Bangalore,2.8,yes
287,U3S80,Sales,Mumbai,4.2,no
288,U1S29,Sales,Mumbai,4.6,no
289,U1F44,Finance,New Delhi,2.6,yes
290,U3M69,Marketing,New Delhi,2.5,yes
291,U1H90,HR,New Delhi,4.9,no
292,U2S34,Sales,Bangalore,4.0,no
293,U3M91,Marketing,New Delhi,4.7,no
294,U1S86,Sales,Bangalore,4.9,no
295,U2M81,Marketing,Bangalore,2.4,yes
296,U1S74,Sales,Bangalore,3.8,no
297,U2S47,Sales,New Delhi,2.4,yes
298,U1F85,Finance,Bangalore,3.7,no
299,U2M44,Marketing,Bangalore,2.5,yes
300,U2F37,Finance,Mumbai,3.0,yes
301,U3F24,Finance,Mumbai,2.2,yes
302,U3H60,HR,New Delhi,3.4,yes
303,U2H11,HR,Mumbai,3.9,no
304,U3M26,Marketing,New Delhi,4.1,no
305,U1S72,Sales,Mumbai,3.5,yes
306,U1S99,Sales,Mumbai,2.6,yes
307,U2M34,Marketing,Bangalore,4.4,no
308,U3S71,Sales,New Delhi,4.0,no
309,U3F16,Finance,New Delhi,4.1,no
310,U2S91,Sales,New Delhi,3.9,no
311,U3F18,Finance,Bangalore,2.1,yes
312,U3F70,Finance,Mumbai,4.2,no
313,U3H83,HR,Bangalore,3.0,yes
314,U1M96,Marketing,Mumbai,2.2,yes
315,U2F44,Finance,Mumbai,4.1,no
316,U3M78,Marketing,Bangalore,5.0,no
317,U3S85,Sales,Mumbai,2.2,yes
318,U2S64,Sales,Mumbai,3.6,no
319,U1M37,Marketing,New Delhi,,no
320,U1M51,Marketing,Bangalore,2.8,yes
321,U3F12,Finance,New Delhi,3.1,yes
322,U2S57,Sales,Bangalore,4.9,no
323,U3M32,Marketing,Bangalore,4.6,no
324,U3H34,HR,Bangalore,2.8,yes
325,U2H38,HR,Bangalore,5.0,no
326,U2S83,Sales,New Delhi,3.7,no
327,U2F76,Finance,Bangalore,3.6,no
328,U3H93,HR,Mumbai,3.2,yes
329,U1H18,HR,Mumbai,2.2,yes
330,U3F64,Finance,Bangalore,4.4,no
331,U2F23,Finance,Bangalore,2.8,yes
332,U3H25,HR,Mumbai,4.7,no
333,U3H64,HR,Bangalore,2.9,yes
334,U1M29,Marketing,Mumbai,2.6,yes
335,U3F35,Finance,Bangalore,4.4,no
336,U2M38,Marketing,Mumbai,4.6,no
337,U2S79,Sales,New Delhi,4.9,no
338,U3F22,Finance,Bangalore,3.9,no
339,U3F34,Finance,Mumbai,3.8,no
340,U2M42,Marketing,Mumbai,2.6,yes
341,U3M68,Marketing,New Delhi,2.6,yes
342,U2H66,HR,New Delhi,4.3,no
343,U2S43,Sales,New Delhi,2.7,yes
344,U1H14,HR,New Delhi,2.5,yes
345,U1H60,HR,New Delhi,3.5,yes
346,U1S10,Sales,Mumbai,2.1,yes
347,U3H54,HR,Bangalore,4.2,no
348,U3H46,HR,New Delhi,4.8,no
349,U2F59,Finance,New Delhi,4.3,no
350,U2F42,Finance,Mumbai,4.3,no
351,U2M35,Marketing,Mumbai,4.7,no
352,U3M25,Marketing,New Delhi,2.5,yes
353,U1H88,HR,Mumbai,3.8,no
354,U3F94,Finance,Mumbai,3.4,yes
355,U2S61,Sales,Mumbai,4.7,no
356,U3F84,Finance,Mumbai,2.5,yes
357,U2S11,Sales,New Delhi,3.9,no
358,U1F32,Finance,Bangalore,2.8,yes
359,U1F70,Finance,Mumbai,4.0,no
360,U1M90,Marketing,New Delhi,2.3,yes
361,U2M33,Marketing,Bangalore,3.6,no
362,U3S55,Sales,Mumbai,3.4,yes
363,U1M83,Marketing,Bangalore,3.5,yes
364,U2F69,Finance,New Delhi,2.9,yes
365,U3M20,Marketing,Bangalore,3.7,no
366,U1M91,Marketing,Bangalore,2.3,yes
367,U2M78,Marketing,Mumbai,3.3,yes
368,U2M23,Marketing,Bangalore,4.2,no
369,U1S19,Sales,Mumbai,3.8,no
370,U1F42,Finance,Mumbai,2.9,yes
371,U2M65,Marketing,Mumbai,4.0,no
372,U3S64,Sales,Mumbai,2.1,yes
373,U1S91,Sales,New Delhi,4.6,no
374,U3F69,Finance,New Delhi,3.7,no
375,U2F28,Finance,Bangalore,3.0,yes
376,U1S80,Sales,Mumbai,2.7,yes
377,U1S47,Sales,Mumbai,3.9,no
378,U3S62,Sales,Bangalore,4.7,no
379,U2F92,Finance,Bangalore,3.2,yes
380,U3M18,Marketing,Mumbai,4.8,no
381,U3M81,Marketing,Bangalore,3.4,yes
382,U3S48,Sales,New Delhi,2.7,yes
383,U3H66,HR,New Delhi,3.3,yes
384,U3H23,HR,Mumbai,3.5,yes
385,U1M80,Marketing,New Delhi,3.1,yes
386,U2S16,Sales,Mumbai,4.8,no
387,U1F20,Finance,Mumbai,2.4,yes
388,U3F62,Finance,New Delhi,2.2,yes
389,U1H30,HR,New Delhi,4.9,no
390,U1M41,Marketing,Mumbai,4.6,no
391,U3S30,Sales,New Delhi,4.7,no
392,U2M98,Marketing,Bangalore,4.2,no
393,U3S58,Sales,Mumbai,2.4,yes
394,U3S56,Sales,Mumbai,4.1,no
395,U1H68,HR,New Delhi,4.4,no
396,U1F54,Finance,Bangalore,4.7,no
397,U2S51,Sales,New Delhi,3.2,yes
398,U3H74,HR,Bangalore,2.2,yes
399,U1H38,HR,New Delhi,4.9,no
400,U1M17,Marketing,Bangalore,3.2,yes
401,U3M31,Marketing,New Delhi,3.3,yes
402,U3M19,Marketing,New Delhi,4.8,no
403,U1H40,HR,Bangalore,4.4,no
404,U2M82,Marketing,Bangalore,3.9,no
405,U3S61,Sales,Bangalore,4.0,no
406,U3S53,Sales,New Delhi,2.3,yes
407,U1F50,Finance,New Delhi,4.0,no
408,U1S21,Sales,Bangalore,3.5,yes
409,U1H15,HR,Mumbai,2.2,yes
410,U3M70,Marketing,New Delhi,4.5,no
411,U1F48,Finance,Mumbai,3.0,yes
412,U2F74,Finance,Mumbai,4.2,no
413,U2F45,Finance,New Delhi,2.6,yes
414,U2F56,Finance,New Delhi,2.6,yes
415,U1S32,Sales,Bangalore,4.5,no
416,U2H85,HR,New Delhi,3.8,no
417,U2M31,Marketing,Mumbai,3.5,yes
418,U1F69,Finance,Bangalore,5.0,no
419,U3F49,Finance,New Delhi,2.4,yes
420,U1M78,Marketing,New Delhi,3.2,yes
421,U2F13,Finance,Mumbai,3.4,yes
422,U2M39,Marketing,New Delhi,4.7,no
423,U1S92,Sales,Bangalore,3.3,yes
424,U3S45,Sales,New Delhi,3.9,no
425,U2M28,Marketing,Bangalore,4.1,no
426,U1F94,Finance,Mumbai,2.9,yes
427,U3H38,HR,New Delhi,3.2,yes
428,U2M30,Marketing,New Delhi,3.9,no
429,U1F87,Finance,New Delhi,4.0,no
430,U2F38,Finance,Mumbai,2.3,yes
431,U3F19,Finance,New Delhi,4.5,no
432,U3M48,Marketing,Bangalore,3.7,no
433,U3S35,Sales,Mumbai,2.1,yes
434,U1S73,Sales,Mumbai,3.4,yes
435,U1M72,Marketing,Mumbai,2.6,yes
436,U3M64,Marketing,Bangalore,4.6,no
437,U3M37,Marketing,Mumbai,4.8,no
438,U2H40,HR,Mumbai,4.6,no
439,U1M14,Marketing,Bangalore,2.3,yes
440,U3S31,Sales,New Delhi,3.6,no
441,U2M93,Marketing,Mumbai,4.0,no
442,U2S37,Sales,New Delhi,3.1,yes
443,U2F54,Finance,Bangalore,2.2,yes
444,U3H67,HR,Bangalore,2.5,yes
445,U2S17,Sales,Bangalore,4.4,no
446,U3F83,Finance,Bangalore,2.3,yes
447,U3F78,Finance,Mumbai,4.0,no
448,U3H13,HR,New Delhi,4.3,no
449,U2M91,Marketing,Mumbai,2.4,yes
450,U1H76,HR,New Delhi,3.6,no
451,U2H77,HR,Bangalore,4.4,no
452,U3H97,HR,Bangalore,4.6,no
453,U2H70,HR,Mumbai,3.4,yes
454,U2H82,HR,New Delhi,2.9,yes
455,U2H54,HR,New Delhi,3.0,yes
456,U3H89,HR,Bangalore,4.3,no
457,U2M37,Marketing,New Delhi,2.6,yes
458,U3S14,Sales,New Delhi,2.3,yes
459,U2M96,Marketing,New Delhi,4.9,no
460,U2H56,HR,Bangalore,4.9,no
461,U3S60,Sales,Bangalore,4.8,no
462,U2M16,Marketing,Bangalore,4.7,no
463,U1F95,Finance,Bangalore,4.4,no
464,U2M58,Marketing,New Delhi,4.0,no
465,U2H69,HR,New Delhi,3.0,yes
466,U1F51,Finance,Bangalore,2.5,yes
467,U3F15,Finance,Mumbai,4.0,no
468,U2S45,Sales,Bangalore,4.8,no
469,U3S34,Sales,Mumbai,4.8,no
470,U2F35,Finance,New Delhi,2.7,yes
471,U3H84,HR,Mumbai,2.1,yes
472,U2S71,Sales,Bangalore,3.7,no
473,U3S77,Sales,New Delhi,3.1,yes
474,U2F80,Finance,Mumbai,3.0,yes
475,U2H95,HR,Mumbai,3.5,yes
476,U2M21,Marketing,Bangalore,4.6,no
477,U3F81,Finance,Mumbai,4.3,no
478,U1S36,Sales,Bangalore,4.3,no
479,U2H86,HR,Mumbai,3.5,yes
480,U2S59,Sales,Bangalore,2.5,yes
481,U2F61,Finance,Mumbai,3.2,yes
482,U3M75,Marketing,New Delhi,2.7,yes
483,U2S82,Sales,Bangalore,2.4,yes
484,U1S12,Sales,Bangalore,2.1,yes
485,U3H37,HR,Bangalore,4.5,no
486,U1M65,Marketing,New Delhi,4.3,no
487,U3S11,Sales,New Delhi,3.6,no
488,U1M64,Marketing,Mumbai,2.3,yes
489,U3F82,Finance,New Delhi,4.8,no
490,U3M97,Marketing,Bangalore,2.2,yes
491,U3M16,Marketing,New Delhi,2.1,yes
492,U2S42,Sales,New Delhi,3.1,yes
493,U1F21,Finance,Bangalore,4.3,no
494,U2S52,Sales,Mumbai,,no
495,U1F75,Finance,Bangalore,4.1,no
496,U1M13,Marketing,Bangalore,2.7,yes
497,U2F65,Finance,Bangalore,4.2,no
498,U2H57,HR,New Delhi,3.9,no
499,U2H41,HR,Bangalore,4.0,no
500,U2H94,HR,Mumbai,3.7,no
501,U1S94,Sales,Bangalore,2.9,yes
502,U3F65,Finance,Mumbai,3.2,yes
503,U2M15,Marketing,New Delhi,2.6,yes
504,U1S55,Sales,Mumbai,3.9,no
505,U3M61,Marketing,Mumbai,3.4,yes
506,U3H15,HR,Bangalore,3.9,no
507,U1H25,HR,New Delhi,3.0,yes
508,U3H28,HR,Bangalore,4.8,no
509,U3H73,HR,New Delhi,4.0,no
510,U3S40,Sales,Mumbai,3.4,yes
511,U1H70,HR,New Delhi,3.4,yes
512,U1M47,Marketing,Mumbai,4.8,no
513,U3H87,HR,Bangalore,3.7,no
514,U3H91,HR,New Delhi,3.1,yes
515,U3M36,Marketing,New Delhi,2.5,yes
516,U3S36,Sales,New Delhi,4.5,no
517,U3S57,Sales,New Delhi,4.2,no
518,U2F27,Finance,New Delhi,3.2,yes
519,U1M57,Marketing,New Delhi,4.9,no
520,U1M10,Marketing,Mumbai,3.7,no
521,U1F93,Finance,New Delhi,2.1,yes
522,U2S41,Sales,Mumbai,3.4,yes
523,U3F46,Finance,New Delhi,3.6,no
524,U1M31,Marketing,New Delhi,4.6,no
525,U1S25,Sales,New Delhi,3.4,yes
526,U2S35,Sales,Mumbai,4.9,no
527,U1S22,Sales,Bangalore,3.4,yes
528,U3S44,Sales,New Delhi,4.8,no
529,U2M11,Marketing,Bangalore,2.5,yes
530,U3F53,Finance,Bangalore,3.2,yes
531,U3S46,Sales,Bangalore,2.9,yes
532,U3S28,Sales,New Delhi,2.9,yes
